{
  "index": "/index.html",

  "dataGroups": [
    {
      "name": "api",
      "urls": [
        "https://contacts-api.vatsaev.com/**"
      ],
      "cacheConfig": {
        "strategy": "freshness",
        "maxSize": 100,
        "maxAge": "3d",
        "timeout": "5s"
      }
    }
  ],
  "assetGroups": [
    {
      "name": "app",
      "installMode": "prefetch",
      "resources": {
        "files": [
          "/favicon.ico",
          "/index.html",
          "/*.css",
          "/*.js"
        ]
      }
    }, {
      "name": "assets",
      "installMode": "lazy",
      "updateMode": "prefetch",
      "resources": {
        "files": [
          "/assets/**",
          "/*.(eot|svg|cur|jpg|png|webp|gif|otf|ttf|woff|woff2|ani)"
        ]
      }
    }
  ]
}
